{
  "Open duckduckgo Homepage" : {
    "transaction" : "Open duckduckgo Homepage",
    "sampleCount" : 1000,
    "errorCount" : 0,
    "errorPct" : 0.0,
    "meanResTime" : 148.23899999999995,
    "medianResTime" : 134.0,
    "minResTime" : 121.0,
    "maxResTime" : 1192.0,
    "pct1ResTime" : 183.0,
    "pct2ResTime" : 194.0,
    "pct3ResTime" : 271.8000000000002,
    "throughput" : 3.3360466512763716,
    "receivedKBytesPerSec" : 80.50912007391013,
    "sentKBytesPerSec" : 0.5766408762460135
  },
  "Search Query" : {
    "transaction" : "Search Query",
    "sampleCount" : 1000,
    "errorCount" : 0,
    "errorPct" : 0.0,
    "meanResTime" : 78.69600000000003,
    "medianResTime" : 72.0,
    "minResTime" : 62.0,
    "maxResTime" : 314.0,
    "pct1ResTime" : 116.0,
    "pct2ResTime" : 126.0,
    "pct3ResTime" : 143.0,
    "throughput" : 3.3375943287597165,
    "receivedKBytesPerSec" : 88.82651382848769,
    "sentKBytesPerSec" : 1.222263548129779
  },
  "Return to Homepage" : {
    "transaction" : "Return to Homepage",
    "sampleCount" : 1000,
    "errorCount" : 0,
    "errorPct" : 0.0,
    "meanResTime" : 37.21600000000001,
    "medianResTime" : 36.0,
    "minResTime" : 32.0,
    "maxResTime" : 286.0,
    "pct1ResTime" : 40.0,
    "pct2ResTime" : 44.0,
    "pct3ResTime" : 64.0,
    "throughput" : 3.338608334501846,
    "receivedKBytesPerSec" : 168.30469094293983,
    "sentKBytesPerSec" : 0.5510007895808711
  },
  "Total" : {
    "transaction" : "Total",
    "sampleCount" : 5000,
    "errorCount" : 0,
    "errorPct" : 0.0,
    "meanResTime" : 68.54779999999977,
    "medianResTime" : 39.0,
    "minResTime" : 29.0,
    "maxResTime" : 1192.0,
    "pct1ResTime" : 134.0,
    "pct2ResTime" : 142.0,
    "pct3ResTime" : 195.0,
    "throughput" : 16.674503683397862,
    "receivedKBytesPerSec" : 426.1089039973788,
    "sentKBytesPerSec" : 3.5693859447273555
  },
  "Search Query-1" : {
    "transaction" : "Search Query-1",
    "sampleCount" : 1000,
    "errorCount" : 0,
    "errorPct" : 0.0,
    "meanResTime" : 42.47100000000005,
    "medianResTime" : 36.0,
    "minResTime" : 30.0,
    "maxResTime" : 155.0,
    "pct1ResTime" : 77.89999999999998,
    "pct2ResTime" : 91.0,
    "pct3ResTime" : 102.99000000000001,
    "throughput" : 3.337973115964524,
    "receivedKBytesPerSec" : 80.6045892071229,
    "sentKBytesPerSec" : 0.6258699592433482
  },
  "Search Query-0" : {
    "transaction" : "Search Query-0",
    "sampleCount" : 1000,
    "errorCount" : 0,
    "errorPct" : 0.0,
    "meanResTime" : 36.11700000000006,
    "medianResTime" : 35.0,
    "minResTime" : 29.0,
    "maxResTime" : 245.0,
    "pct1ResTime" : 40.0,
    "pct2ResTime" : 43.0,
    "pct3ResTime" : 55.950000000000045,
    "throughput" : 3.337984258066239,
    "receivedKBytesPerSec" : 8.232033117184944,
    "sentKBytesPerSec" : 0.5965342961192596
  }
}